adaptiveThreshWinSizeMin,adaptiveThreshWinSizeMax,adaptiveThreshWinSizeStep,foundA,foundB,Total Found,Thresh1,Thresh2,Cam A Imgs,Cam B Imgs
3,6,3,51,51,102,3,6,55,55
3,7,3,51,51,102,3,6,55,55
3,7,4,51,51,102,3,7,55,55
3,8,3,51,51,102,3,6,55,55
3,8,4,51,51,102,3,7,55,55
3,8,5,51,51,102,3,8,55,55
3,9,4,51,51,102,3,7,55,55
3,9,5,51,51,102,3,8,55,55
3,9,6,51,51,102,3,9,55,55
3,10,4,51,51,102,3,7,55,55
3,10,5,51,51,102,3,8,55,55
3,10,6,51,51,102,3,9,55,55
3,10,7,47,49,96,3,10,55,55
3,11,5,51,51,102,3,8,55,55
3,11,6,51,51,102,3,9,55,55
3,11,7,47,49,96,3,10,55,55
3,11,8,47,49,96,3,11,55,55
3,12,5,51,51,102,3,8,55,55
3,12,6,51,51,102,3,9,55,55
3,12,7,47,49,96,3,10,55,55
3,12,8,47,49,96,3,11,55,55
3,12,9,46,48,94,3,12,55,55
3,13,6,51,51,102,3,9,55,55
3,13,7,47,49,96,3,10,55,55
3,13,8,47,49,96,3,11,55,55
3,13,9,46,48,94,3,12,55,55
3,13,10,46,48,94,3,13,55,55
3,14,6,51,51,102,3,9,55,55
3,14,7,47,49,96,3,10,55,55
3,14,8,47,49,96,3,11,55,55
3,14,9,46,48,94,3,12,55,55
3,14,10,46,48,94,3,13,55,55
3,14,11,46,49,95,3,14,55,55
3,15,7,47,49,96,3,10,55,55
3,15,8,47,49,96,3,11,55,55
3,15,9,46,48,94,3,12,55,55
3,15,10,46,48,94,3,13,55,55
3,15,11,46,49,95,3,14,55,55
3,15,12,46,49,95,3,15,55,55
3,16,7,47,49,96,3,10,55,55
3,16,8,47,49,96,3,11,55,55
3,16,9,46,48,94,3,12,55,55
3,16,10,46,48,94,3,13,55,55
3,16,11,46,49,95,3,14,55,55
3,16,12,46,49,95,3,15,55,55
3,16,13,46,51,97,3,16,55,55
3,17,8,47,49,96,3,11,55,55
3,17,9,46,48,94,3,12,55,55
3,17,10,46,48,94,3,13,55,55
3,17,11,46,49,95,3,14,55,55
3,17,12,46,49,95,3,15,55,55
3,17,13,46,51,97,3,16,55,55
3,17,14,46,51,97,3,17,55,55
3,18,8,47,49,96,3,11,55,55
3,18,9,46,48,94,3,12,55,55
3,18,10,46,48,94,3,13,55,55
3,18,11,46,49,95,3,14,55,55
3,18,12,46,49,95,3,15,55,55
3,18,13,46,51,97,3,16,55,55
3,18,14,46,51,97,3,17,55,55
3,18,15,46,51,97,3,18,55,55
3,19,9,46,48,94,3,12,55,55
3,19,10,46,48,94,3,13,55,55
3,19,11,46,49,95,3,14,55,55
3,19,12,46,49,95,3,15,55,55
3,19,13,46,51,97,3,16,55,55
3,19,14,46,51,97,3,17,55,55
3,19,15,46,51,97,3,18,55,55
3,19,16,46,51,97,3,19,55,55
3,20,9,46,48,94,3,12,55,55
3,20,10,46,48,94,3,13,55,55
3,20,11,46,49,95,3,14,55,55
3,20,12,46,49,95,3,15,55,55
3,20,13,46,51,97,3,16,55,55
3,20,14,46,51,97,3,17,55,55
3,20,15,46,51,97,3,18,55,55
3,20,16,46,51,97,3,19,55,55
3,20,17,46,51,97,3,20,55,55
3,21,10,46,48,94,3,13,55,55
3,21,11,46,49,95,3,14,55,55
3,21,12,46,49,95,3,15,55,55
3,21,13,46,51,97,3,16,55,55
3,21,14,46,51,97,3,17,55,55
3,21,15,46,51,97,3,18,55,55
3,21,16,46,51,97,3,19,55,55
3,21,17,46,51,97,3,20,55,55
3,21,18,46,51,97,3,21,55,55
3,22,10,46,48,94,3,13,55,55
3,22,11,46,49,95,3,14,55,55
3,22,12,46,49,95,3,15,55,55
3,22,13,46,51,97,3,16,55,55
3,22,14,46,51,97,3,17,55,55
3,22,15,46,51,97,3,18,55,55
3,22,16,46,51,97,3,19,55,55
3,22,17,46,51,97,3,20,55,55
3,22,18,46,51,97,3,21,55,55
3,22,19,46,51,97,3,22,55,55
3,23,11,46,49,95,3,14,55,55
3,23,12,46,49,95,3,15,55,55
3,23,13,46,51,97,3,16,55,55
3,23,14,46,51,97,3,17,55,55
3,23,15,46,51,97,3,18,55,55
3,23,16,46,51,97,3,19,55,55
3,23,17,46,51,97,3,20,55,55
3,23,18,46,51,97,3,21,55,55
3,23,19,46,51,97,3,22,55,55
3,23,20,46,51,97,3,23,55,55
3,24,11,46,49,95,3,14,55,55
3,24,12,46,49,95,3,15,55,55
3,24,13,46,51,97,3,16,55,55
3,24,14,46,51,97,3,17,55,55
3,24,15,46,51,97,3,18,55,55
3,24,16,46,51,97,3,19,55,55
3,24,17,46,51,97,3,20,55,55
3,24,18,46,51,97,3,21,55,55
3,24,19,46,51,97,3,22,55,55
3,24,20,46,51,97,3,23,55,55
3,24,21,46,51,97,3,24,55,55
3,25,12,46,49,95,3,15,55,55
3,25,13,46,51,97,3,16,55,55
3,25,14,46,51,97,3,17,55,55
3,25,15,46,51,97,3,18,55,55
3,25,16,46,51,97,3,19,55,55
3,25,17,46,51,97,3,20,55,55
3,25,18,46,51,97,3,21,55,55
3,25,19,46,51,97,3,22,55,55
3,25,20,46,51,97,3,23,55,55
3,25,21,46,51,97,3,24,55,55
3,25,22,46,51,97,3,25,55,55
3,26,12,46,49,95,3,15,55,55
3,26,13,46,51,97,3,16,55,55
3,26,14,46,51,97,3,17,55,55
3,26,15,46,51,97,3,18,55,55
3,26,16,46,51,97,3,19,55,55
3,26,17,46,51,97,3,20,55,55
3,26,18,46,51,97,3,21,55,55
3,26,19,46,51,97,3,22,55,55
3,26,20,46,51,97,3,23,55,55
3,26,21,46,51,97,3,24,55,55
3,26,22,46,51,97,3,25,55,55
3,26,23,46,51,97,3,26,55,55
3,27,13,46,51,97,3,16,55,55
3,27,14,46,51,97,3,17,55,55
3,27,15,46,51,97,3,18,55,55
3,27,16,46,51,97,3,19,55,55
3,27,17,46,51,97,3,20,55,55
3,27,18,46,51,97,3,21,55,55
3,27,19,46,51,97,3,22,55,55
3,27,20,46,51,97,3,23,55,55
3,27,21,46,51,97,3,24,55,55
3,27,22,46,51,97,3,25,55,55
3,27,23,46,51,97,3,26,55,55
3,27,24,46,51,97,3,27,55,55
3,28,13,46,51,97,3,16,55,55
3,28,14,46,51,97,3,17,55,55
3,28,15,46,51,97,3,18,55,55
3,28,16,46,51,97,3,19,55,55
3,28,17,46,51,97,3,20,55,55
3,28,18,46,51,97,3,21,55,55
3,28,19,46,51,97,3,22,55,55
3,28,20,46,51,97,3,23,55,55
3,28,21,46,51,97,3,24,55,55
3,28,22,46,51,97,3,25,55,55
3,28,23,46,51,97,3,26,55,55
3,28,24,46,51,97,3,27,55,55
3,28,25,46,51,97,3,28,55,55
3,29,14,46,51,97,3,17,55,55
3,29,15,46,51,97,3,18,55,55
3,29,16,46,51,97,3,19,55,55
3,29,17,46,51,97,3,20,55,55
3,29,18,46,51,97,3,21,55,55
3,29,19,46,51,97,3,22,55,55
3,29,20,46,51,97,3,23,55,55
3,29,21,46,51,97,3,24,55,55
3,29,22,46,51,97,3,25,55,55
3,29,23,46,51,97,3,26,55,55
3,29,24,46,51,97,3,27,55,55
3,29,25,46,51,97,3,28,55,55
3,29,26,46,51,97,3,29,55,55
4,7,3,51,51,102,4,7,55,55
4,8,3,51,51,102,4,7,55,55
4,8,4,51,51,102,4,8,55,55
4,9,3,51,51,102,4,7,55,55
4,9,4,51,51,102,4,8,55,55
4,9,5,51,51,102,4,9,55,55
4,10,4,51,51,102,4,8,55,55
4,10,5,51,51,102,4,9,55,55
4,10,6,50,51,101,4,10,55,55
4,11,4,51,51,102,4,8,55,55
4,11,5,51,51,102,4,9,55,55
4,11,6,50,51,101,4,10,55,55
4,11,7,50,51,101,4,11,55,55
4,12,5,51,51,102,4,9,55,55
4,12,6,50,51,101,4,10,55,55
4,12,7,50,51,101,4,11,55,55
4,12,8,50,50,100,4,12,55,55
4,13,5,51,51,102,4,9,55,55
4,13,6,50,51,101,4,10,55,55
4,13,7,50,51,101,4,11,55,55
4,13,8,50,50,100,4,12,55,55
4,13,9,50,50,100,4,13,55,55
4,14,6,50,51,101,4,10,55,55
4,14,7,50,51,101,4,11,55,55
4,14,8,50,50,100,4,12,55,55
4,14,9,50,50,100,4,13,55,55
4,14,10,50,51,101,4,14,55,55
4,15,6,50,51,101,4,10,55,55
4,15,7,50,51,101,4,11,55,55
4,15,8,50,50,100,4,12,55,55
4,15,9,50,50,100,4,13,55,55
4,15,10,50,51,101,4,14,55,55
4,15,11,50,51,101,4,15,55,55
4,16,7,50,51,101,4,11,55,55
4,16,8,50,50,100,4,12,55,55
4,16,9,50,50,100,4,13,55,55
4,16,10,50,51,101,4,14,55,55
4,16,11,50,51,101,4,15,55,55
4,16,12,50,53,103,4,16,55,55
4,17,7,50,51,101,4,11,55,55
4,17,8,50,50,100,4,12,55,55
4,17,9,50,50,100,4,13,55,55
4,17,10,50,51,101,4,14,55,55
4,17,11,50,51,101,4,15,55,55
4,17,12,50,53,103,4,16,55,55
4,17,13,50,53,103,4,17,55,55
4,18,8,50,50,100,4,12,55,55
4,18,9,50,50,100,4,13,55,55
4,18,10,50,51,101,4,14,55,55
4,18,11,50,51,101,4,15,55,55
4,18,12,50,53,103,4,16,55,55
4,18,13,50,53,103,4,17,55,55
4,18,14,50,53,103,4,18,55,55
4,19,8,50,50,100,4,12,55,55
4,19,9,50,50,100,4,13,55,55
4,19,10,50,51,101,4,14,55,55
4,19,11,50,51,101,4,15,55,55
4,19,12,50,53,103,4,16,55,55
4,19,13,50,53,103,4,17,55,55
4,19,14,50,53,103,4,18,55,55
4,19,15,50,53,103,4,19,55,55
4,20,9,50,50,100,4,13,55,55
4,20,10,50,51,101,4,14,55,55
4,20,11,50,51,101,4,15,55,55
4,20,12,50,53,103,4,16,55,55
4,20,13,50,53,103,4,17,55,55
4,20,14,50,53,103,4,18,55,55
4,20,15,50,53,103,4,19,55,55
4,20,16,50,53,103,4,20,55,55
4,21,9,50,50,100,4,13,55,55
4,21,10,50,51,101,4,14,55,55
4,21,11,50,51,101,4,15,55,55
4,21,12,50,53,103,4,16,55,55
4,21,13,50,53,103,4,17,55,55
4,21,14,50,53,103,4,18,55,55
4,21,15,50,53,103,4,19,55,55
4,21,16,50,53,103,4,20,55,55
4,21,17,50,53,103,4,21,55,55
4,22,10,50,51,101,4,14,55,55
4,22,11,50,51,101,4,15,55,55
4,22,12,50,53,103,4,16,55,55
4,22,13,50,53,103,4,17,55,55
4,22,14,50,53,103,4,18,55,55
4,22,15,50,53,103,4,19,55,55
4,22,16,50,53,103,4,20,55,55
4,22,17,50,53,103,4,21,55,55
4,22,18,50,53,103,4,22,55,55
4,23,10,50,51,101,4,14,55,55
4,23,11,50,51,101,4,15,55,55
4,23,12,50,53,103,4,16,55,55
4,23,13,50,53,103,4,17,55,55
4,23,14,50,53,103,4,18,55,55
4,23,15,50,53,103,4,19,55,55
4,23,16,50,53,103,4,20,55,55
4,23,17,50,53,103,4,21,55,55
4,23,18,50,53,103,4,22,55,55
4,23,19,50,53,103,4,23,55,55
4,24,11,50,51,101,4,15,55,55
4,24,12,50,53,103,4,16,55,55
4,24,13,50,53,103,4,17,55,55
4,24,14,50,53,103,4,18,55,55
4,24,15,50,53,103,4,19,55,55
4,24,16,50,53,103,4,20,55,55
4,24,17,50,53,103,4,21,55,55
4,24,18,50,53,103,4,22,55,55
4,24,19,50,53,103,4,23,55,55
4,24,20,50,53,103,4,24,55,55
4,25,11,50,51,101,4,15,55,55
4,25,12,50,53,103,4,16,55,55
4,25,13,50,53,103,4,17,55,55
4,25,14,50,53,103,4,18,55,55
4,25,15,50,53,103,4,19,55,55
4,25,16,50,53,103,4,20,55,55
4,25,17,50,53,103,4,21,55,55
4,25,18,50,53,103,4,22,55,55
4,25,19,50,53,103,4,23,55,55
4,25,20,50,53,103,4,24,55,55
4,25,21,50,53,103,4,25,55,55
4,26,12,50,53,103,4,16,55,55
4,26,13,50,53,103,4,17,55,55
4,26,14,50,53,103,4,18,55,55
4,26,15,50,53,103,4,19,55,55
4,26,16,50,53,103,4,20,55,55
4,26,17,50,53,103,4,21,55,55
4,26,18,50,53,103,4,22,55,55
4,26,19,50,53,103,4,23,55,55
4,26,20,50,53,103,4,24,55,55
4,26,21,50,53,103,4,25,55,55
4,26,22,50,53,103,4,26,55,55
4,27,12,50,53,103,4,16,55,55
4,27,13,50,53,103,4,17,55,55
4,27,14,50,53,103,4,18,55,55
4,27,15,50,53,103,4,19,55,55
4,27,16,50,53,103,4,20,55,55
4,27,17,50,53,103,4,21,55,55
4,27,18,50,53,103,4,22,55,55
4,27,19,50,53,103,4,23,55,55
4,27,20,50,53,103,4,24,55,55
4,27,21,50,53,103,4,25,55,55
4,27,22,50,53,103,4,26,55,55
4,27,23,50,53,103,4,27,55,55
4,28,13,50,53,103,4,17,55,55
4,28,14,50,53,103,4,18,55,55
4,28,15,50,53,103,4,19,55,55
4,28,16,50,53,103,4,20,55,55
4,28,17,50,53,103,4,21,55,55
4,28,18,50,53,103,4,22,55,55
4,28,19,50,53,103,4,23,55,55
4,28,20,50,53,103,4,24,55,55
4,28,21,50,53,103,4,25,55,55
4,28,22,50,53,103,4,26,55,55
4,28,23,50,53,103,4,27,55,55
4,28,24,50,53,103,4,28,55,55
4,29,13,50,53,103,4,17,55,55
4,29,14,50,53,103,4,18,55,55
4,29,15,50,53,103,4,19,55,55
4,29,16,50,53,103,4,20,55,55
4,29,17,50,53,103,4,21,55,55
4,29,18,50,53,103,4,22,55,55
4,29,19,50,53,103,4,23,55,55
4,29,20,50,53,103,4,24,55,55
4,29,21,50,53,103,4,25,55,55
4,29,22,50,53,103,4,26,55,55
4,29,23,50,53,103,4,27,55,55
4,29,24,50,53,103,4,28,55,55
4,29,25,50,53,103,4,29,55,55
5,8,3,51,51,102,5,8,55,55
5,9,3,51,51,102,5,8,55,55
5,9,4,51,51,102,5,9,55,55
5,10,3,51,51,102,5,8,55,55
5,10,4,51,51,102,5,9,55,55
5,10,5,50,51,101,5,10,55,55
5,11,4,51,51,102,5,9,55,55
5,11,5,50,51,101,5,10,55,55
5,11,6,50,51,101,5,11,55,55
5,12,4,51,51,102,5,9,55,55
5,12,5,50,51,101,5,10,55,55
5,12,6,50,51,101,5,11,55,55
5,12,7,50,50,100,5,12,55,55
5,13,5,50,51,101,5,10,55,55
5,13,6,50,51,101,5,11,55,55
5,13,7,50,50,100,5,12,55,55
5,13,8,50,50,100,5,13,55,55
5,14,5,50,51,101,5,10,55,55
5,14,6,50,51,101,5,11,55,55
5,14,7,50,50,100,5,12,55,55
5,14,8,50,50,100,5,13,55,55
5,14,9,50,51,101,5,14,55,55
5,15,6,50,51,101,5,11,55,55
5,15,7,50,50,100,5,12,55,55
5,15,8,50,50,100,5,13,55,55
5,15,9,50,51,101,5,14,55,55
5,15,10,50,51,101,5,15,55,55
5,16,6,50,51,101,5,11,55,55
5,16,7,50,50,100,5,12,55,55
5,16,8,50,50,100,5,13,55,55
5,16,9,50,51,101,5,14,55,55
5,16,10,50,51,101,5,15,55,55
5,16,11,50,53,103,5,16,55,55
5,17,7,50,50,100,5,12,55,55
5,17,8,50,50,100,5,13,55,55
5,17,9,50,51,101,5,14,55,55
5,17,10,50,51,101,5,15,55,55
5,17,11,50,53,103,5,16,55,55
5,17,12,50,53,103,5,17,55,55
5,18,7,50,50,100,5,12,55,55
5,18,8,50,50,100,5,13,55,55
5,18,9,50,51,101,5,14,55,55
5,18,10,50,51,101,5,15,55,55
5,18,11,50,53,103,5,16,55,55
5,18,12,50,53,103,5,17,55,55
5,18,13,50,53,103,5,18,55,55
5,19,8,50,50,100,5,13,55,55
5,19,9,50,51,101,5,14,55,55
5,19,10,50,51,101,5,15,55,55
5,19,11,50,53,103,5,16,55,55
5,19,12,50,53,103,5,17,55,55
5,19,13,50,53,103,5,18,55,55
5,19,14,50,53,103,5,19,55,55
5,20,8,50,50,100,5,13,55,55
5,20,9,50,51,101,5,14,55,55
5,20,10,50,51,101,5,15,55,55
5,20,11,50,53,103,5,16,55,55
5,20,12,50,53,103,5,17,55,55
5,20,13,50,53,103,5,18,55,55
5,20,14,50,53,103,5,19,55,55
5,20,15,50,53,103,5,20,55,55
5,21,9,50,51,101,5,14,55,55
5,21,10,50,51,101,5,15,55,55
5,21,11,50,53,103,5,16,55,55
5,21,12,50,53,103,5,17,55,55
5,21,13,50,53,103,5,18,55,55
5,21,14,50,53,103,5,19,55,55
5,21,15,50,53,103,5,20,55,55
5,21,16,50,53,103,5,21,55,55
5,22,9,50,51,101,5,14,55,55
5,22,10,50,51,101,5,15,55,55
5,22,11,50,53,103,5,16,55,55
5,22,12,50,53,103,5,17,55,55
5,22,13,50,53,103,5,18,55,55
5,22,14,50,53,103,5,19,55,55
5,22,15,50,53,103,5,20,55,55
5,22,16,50,53,103,5,21,55,55
5,22,17,50,53,103,5,22,55,55
5,23,10,50,51,101,5,15,55,55
5,23,11,50,53,103,5,16,55,55
5,23,12,50,53,103,5,17,55,55
5,23,13,50,53,103,5,18,55,55
5,23,14,50,53,103,5,19,55,55
5,23,15,50,53,103,5,20,55,55
5,23,16,50,53,103,5,21,55,55
5,23,17,50,53,103,5,22,55,55
5,23,18,50,53,103,5,23,55,55
5,24,10,50,51,101,5,15,55,55
5,24,11,50,53,103,5,16,55,55
5,24,12,50,53,103,5,17,55,55
5,24,13,50,53,103,5,18,55,55
5,24,14,50,53,103,5,19,55,55
5,24,15,50,53,103,5,20,55,55
5,24,16,50,53,103,5,21,55,55
5,24,17,50,53,103,5,22,55,55
5,24,18,50,53,103,5,23,55,55
5,24,19,50,53,103,5,24,55,55
5,25,11,50,53,103,5,16,55,55
5,25,12,50,53,103,5,17,55,55
5,25,13,50,53,103,5,18,55,55
5,25,14,50,53,103,5,19,55,55
5,25,15,50,53,103,5,20,55,55
5,25,16,50,53,103,5,21,55,55
5,25,17,50,53,103,5,22,55,55
5,25,18,50,53,103,5,23,55,55
5,25,19,50,53,103,5,24,55,55
5,25,20,50,53,103,5,25,55,55
5,26,11,50,53,103,5,16,55,55
5,26,12,50,53,103,5,17,55,55
5,26,13,50,53,103,5,18,55,55
5,26,14,50,53,103,5,19,55,55
5,26,15,50,53,103,5,20,55,55
5,26,16,50,53,103,5,21,55,55
5,26,17,50,53,103,5,22,55,55
5,26,18,50,53,103,5,23,55,55
5,26,19,50,53,103,5,24,55,55
5,26,20,50,53,103,5,25,55,55
5,26,21,50,53,103,5,26,55,55
5,27,12,50,53,103,5,17,55,55
5,27,13,50,53,103,5,18,55,55
5,27,14,50,53,103,5,19,55,55
5,27,15,50,53,103,5,20,55,55
5,27,16,50,53,103,5,21,55,55
5,27,17,50,53,103,5,22,55,55
5,27,18,50,53,103,5,23,55,55
5,27,19,50,53,103,5,24,55,55
5,27,20,50,53,103,5,25,55,55
5,27,21,50,53,103,5,26,55,55
5,27,22,50,53,103,5,27,55,55
5,28,12,50,53,103,5,17,55,55
5,28,13,50,53,103,5,18,55,55
5,28,14,50,53,103,5,19,55,55
5,28,15,50,53,103,5,20,55,55
5,28,16,50,53,103,5,21,55,55
5,28,17,50,53,103,5,22,55,55
5,28,18,50,53,103,5,23,55,55
5,28,19,50,53,103,5,24,55,55
5,28,20,50,53,103,5,25,55,55
5,28,21,50,53,103,5,26,55,55
5,28,22,50,53,103,5,27,55,55
5,28,23,50,53,103,5,28,55,55
5,29,13,50,53,103,5,18,55,55
5,29,14,50,53,103,5,19,55,55
5,29,15,50,53,103,5,20,55,55
5,29,16,50,53,103,5,21,55,55
5,29,17,50,53,103,5,22,55,55
5,29,18,50,53,103,5,23,55,55
5,29,19,50,53,103,5,24,55,55
5,29,20,50,53,103,5,25,55,55
5,29,21,50,53,103,5,26,55,55
5,29,22,50,53,103,5,27,55,55
5,29,23,50,53,103,5,28,55,55
5,29,24,50,53,103,5,29,55,55
6,9,3,51,51,102,6,9,55,55
6,10,3,51,51,102,6,9,55,55
6,10,4,51,51,102,6,10,55,55
6,11,3,51,51,102,6,9,55,55
6,11,4,51,51,102,6,10,55,55
6,11,5,51,51,102,6,11,55,55
6,12,4,51,51,102,6,10,55,55
6,12,5,51,51,102,6,11,55,55
6,12,6,51,51,102,6,12,55,55
6,13,4,51,51,102,6,10,55,55
6,13,5,51,51,102,6,11,55,55
6,13,6,51,51,102,6,12,55,55
6,13,7,51,51,102,6,13,55,55
6,14,5,51,51,102,6,11,55,55
6,14,6,51,51,102,6,12,55,55
6,14,7,51,51,102,6,13,55,55
6,14,8,51,52,103,6,14,55,55
6,15,5,51,51,102,6,11,55,55
6,15,6,51,51,102,6,12,55,55
6,15,7,51,51,102,6,13,55,55
6,15,8,51,52,103,6,14,55,55
6,15,9,51,52,103,6,15,55,55
6,16,6,51,51,102,6,12,55,55
6,16,7,51,51,102,6,13,55,55
6,16,8,51,52,103,6,14,55,55
6,16,9,51,52,103,6,15,55,55
6,16,10,51,54,105,6,16,55,55
6,17,6,51,51,102,6,12,55,55
6,17,7,51,51,102,6,13,55,55
6,17,8,51,52,103,6,14,55,55
6,17,9,51,52,103,6,15,55,55
6,17,10,51,54,105,6,16,55,55
6,17,11,51,54,105,6,17,55,55
6,18,7,51,51,102,6,13,55,55
6,18,8,51,52,103,6,14,55,55
6,18,9,51,52,103,6,15,55,55
6,18,10,51,54,105,6,16,55,55
6,18,11,51,54,105,6,17,55,55
6,18,12,51,54,105,6,18,55,55
6,19,7,51,51,102,6,13,55,55
6,19,8,51,52,103,6,14,55,55
6,19,9,51,52,103,6,15,55,55
6,19,10,51,54,105,6,16,55,55
6,19,11,51,54,105,6,17,55,55
6,19,12,51,54,105,6,18,55,55
6,19,13,51,54,105,6,19,55,55
6,20,8,51,52,103,6,14,55,55
6,20,9,51,52,103,6,15,55,55
6,20,10,51,54,105,6,16,55,55
6,20,11,51,54,105,6,17,55,55
6,20,12,51,54,105,6,18,55,55
6,20,13,51,54,105,6,19,55,55
6,20,14,51,54,105,6,20,55,55
6,21,8,51,52,103,6,14,55,55
6,21,9,51,52,103,6,15,55,55
6,21,10,51,54,105,6,16,55,55
6,21,11,51,54,105,6,17,55,55
6,21,12,51,54,105,6,18,55,55
6,21,13,51,54,105,6,19,55,55
6,21,14,51,54,105,6,20,55,55
6,21,15,51,54,105,6,21,55,55
6,22,9,51,52,103,6,15,55,55
6,22,10,51,54,105,6,16,55,55
6,22,11,51,54,105,6,17,55,55
6,22,12,51,54,105,6,18,55,55
6,22,13,51,54,105,6,19,55,55
6,22,14,51,54,105,6,20,55,55
6,22,15,51,54,105,6,21,55,55
6,22,16,51,54,105,6,22,55,55
6,23,9,51,52,103,6,15,55,55
6,23,10,51,54,105,6,16,55,55
6,23,11,51,54,105,6,17,55,55
6,23,12,51,54,105,6,18,55,55
6,23,13,51,54,105,6,19,55,55
6,23,14,51,54,105,6,20,55,55
6,23,15,51,54,105,6,21,55,55
6,23,16,51,54,105,6,22,55,55
6,23,17,51,54,105,6,23,55,55
6,24,10,51,54,105,6,16,55,55
6,24,11,51,54,105,6,17,55,55
6,24,12,51,54,105,6,18,55,55
6,24,13,51,54,105,6,19,55,55
6,24,14,51,54,105,6,20,55,55
6,24,15,51,54,105,6,21,55,55
6,24,16,51,54,105,6,22,55,55
6,24,17,51,54,105,6,23,55,55
6,24,18,51,54,105,6,24,55,55
6,25,10,51,54,105,6,16,55,55
6,25,11,51,54,105,6,17,55,55
6,25,12,51,54,105,6,18,55,55
6,25,13,51,54,105,6,19,55,55
6,25,14,51,54,105,6,20,55,55
6,25,15,51,54,105,6,21,55,55
6,25,16,51,54,105,6,22,55,55
6,25,17,51,54,105,6,23,55,55
6,25,18,51,54,105,6,24,55,55
6,25,19,51,54,105,6,25,55,55
6,26,11,51,54,105,6,17,55,55
6,26,12,51,54,105,6,18,55,55
6,26,13,51,54,105,6,19,55,55
6,26,14,51,54,105,6,20,55,55
6,26,15,51,54,105,6,21,55,55
6,26,16,51,54,105,6,22,55,55
6,26,17,51,54,105,6,23,55,55
6,26,18,51,54,105,6,24,55,55
6,26,19,51,54,105,6,25,55,55
6,26,20,51,54,105,6,26,55,55
6,27,11,51,54,105,6,17,55,55
6,27,12,51,54,105,6,18,55,55
6,27,13,51,54,105,6,19,55,55
6,27,14,51,54,105,6,20,55,55
6,27,15,51,54,105,6,21,55,55
6,27,16,51,54,105,6,22,55,55
6,27,17,51,54,105,6,23,55,55
6,27,18,51,54,105,6,24,55,55
6,27,19,51,54,105,6,25,55,55
6,27,20,51,54,105,6,26,55,55
6,27,21,51,54,105,6,27,55,55
6,28,12,51,54,105,6,18,55,55
6,28,13,51,54,105,6,19,55,55
6,28,14,51,54,105,6,20,55,55
6,28,15,51,54,105,6,21,55,55
6,28,16,51,54,105,6,22,55,55
6,28,17,51,54,105,6,23,55,55
6,28,18,51,54,105,6,24,55,55
6,28,19,51,54,105,6,25,55,55
6,28,20,51,54,105,6,26,55,55
6,28,21,51,54,105,6,27,55,55
6,28,22,51,54,105,6,28,55,55
6,29,12,51,54,105,6,18,55,55
6,29,13,51,54,105,6,19,55,55
6,29,14,51,54,105,6,20,55,55
6,29,15,51,54,105,6,21,55,55
6,29,16,51,54,105,6,22,55,55
6,29,17,51,54,105,6,23,55,55
6,29,18,51,54,105,6,24,55,55
6,29,19,51,54,105,6,25,55,55
6,29,20,51,54,105,6,26,55,55
6,29,21,51,54,105,6,27,55,55
6,29,22,51,54,105,6,28,55,55
6,29,23,51,54,105,6,29,55,55
7,10,3,51,51,102,7,10,55,55
7,11,3,51,51,102,7,10,55,55
7,11,4,51,51,102,7,11,55,55
7,12,3,51,51,102,7,10,55,55
7,12,4,51,51,102,7,11,55,55
7,12,5,51,51,102,7,12,55,55
7,13,4,51,51,102,7,11,55,55
7,13,5,51,51,102,7,12,55,55
7,13,6,51,51,102,7,13,55,55
7,14,4,51,51,102,7,11,55,55
7,14,5,51,51,102,7,12,55,55
7,14,6,51,51,102,7,13,55,55
7,14,7,51,52,103,7,14,55,55
7,15,5,51,51,102,7,12,55,55
7,15,6,51,51,102,7,13,55,55
7,15,7,51,52,103,7,14,55,55
7,15,8,51,52,103,7,15,55,55
7,16,5,51,51,102,7,12,55,55
7,16,6,51,51,102,7,13,55,55
7,16,7,51,52,103,7,14,55,55
7,16,8,51,52,103,7,15,55,55
7,16,9,51,54,105,7,16,55,55
7,17,6,51,51,102,7,13,55,55
7,17,7,51,52,103,7,14,55,55
7,17,8,51,52,103,7,15,55,55
7,17,9,51,54,105,7,16,55,55
7,17,10,51,54,105,7,17,55,55
7,18,6,51,51,102,7,13,55,55
7,18,7,51,52,103,7,14,55,55
7,18,8,51,52,103,7,15,55,55
7,18,9,51,54,105,7,16,55,55
7,18,10,51,54,105,7,17,55,55
7,18,11,51,54,105,7,18,55,55
7,19,7,51,52,103,7,14,55,55
7,19,8,51,52,103,7,15,55,55
7,19,9,51,54,105,7,16,55,55
7,19,10,51,54,105,7,17,55,55
7,19,11,51,54,105,7,18,55,55
7,19,12,51,54,105,7,19,55,55
7,20,7,51,52,103,7,14,55,55
7,20,8,51,52,103,7,15,55,55
7,20,9,51,54,105,7,16,55,55
7,20,10,51,54,105,7,17,55,55
7,20,11,51,54,105,7,18,55,55
7,20,12,51,54,105,7,19,55,55
7,20,13,51,54,105,7,20,55,55
7,21,8,51,52,103,7,15,55,55
7,21,9,51,54,105,7,16,55,55
7,21,10,51,54,105,7,17,55,55
7,21,11,51,54,105,7,18,55,55
7,21,12,51,54,105,7,19,55,55
7,21,13,51,54,105,7,20,55,55
7,21,14,51,54,105,7,21,55,55
7,22,8,51,52,103,7,15,55,55
7,22,9,51,54,105,7,16,55,55
7,22,10,51,54,105,7,17,55,55
7,22,11,51,54,105,7,18,55,55
7,22,12,51,54,105,7,19,55,55
7,22,13,51,54,105,7,20,55,55
7,22,14,51,54,105,7,21,55,55
7,22,15,51,54,105,7,22,55,55
7,23,9,51,54,105,7,16,55,55
7,23,10,51,54,105,7,17,55,55
7,23,11,51,54,105,7,18,55,55
7,23,12,51,54,105,7,19,55,55
7,23,13,51,54,105,7,20,55,55
7,23,14,51,54,105,7,21,55,55
7,23,15,51,54,105,7,22,55,55
7,23,16,51,54,105,7,23,55,55
7,24,9,51,54,105,7,16,55,55
7,24,10,51,54,105,7,17,55,55
7,24,11,51,54,105,7,18,55,55
7,24,12,51,54,105,7,19,55,55
7,24,13,51,54,105,7,20,55,55
7,24,14,51,54,105,7,21,55,55
7,24,15,51,54,105,7,22,55,55
7,24,16,51,54,105,7,23,55,55
7,24,17,51,54,105,7,24,55,55
7,25,10,51,54,105,7,17,55,55
7,25,11,51,54,105,7,18,55,55
7,25,12,51,54,105,7,19,55,55
7,25,13,51,54,105,7,20,55,55
7,25,14,51,54,105,7,21,55,55
7,25,15,51,54,105,7,22,55,55
7,25,16,51,54,105,7,23,55,55
7,25,17,51,54,105,7,24,55,55
7,25,18,51,54,105,7,25,55,55
7,26,10,51,54,105,7,17,55,55
7,26,11,51,54,105,7,18,55,55
7,26,12,51,54,105,7,19,55,55
7,26,13,51,54,105,7,20,55,55
7,26,14,51,54,105,7,21,55,55
7,26,15,51,54,105,7,22,55,55
7,26,16,51,54,105,7,23,55,55
7,26,17,51,54,105,7,24,55,55
7,26,18,51,54,105,7,25,55,55
7,26,19,51,54,105,7,26,55,55
7,27,11,51,54,105,7,18,55,55
7,27,12,51,54,105,7,19,55,55
7,27,13,51,54,105,7,20,55,55
7,27,14,51,54,105,7,21,55,55
7,27,15,51,54,105,7,22,55,55
7,27,16,51,54,105,7,23,55,55
7,27,17,51,54,105,7,24,55,55
7,27,18,51,54,105,7,25,55,55
7,27,19,51,54,105,7,26,55,55
7,27,20,51,54,105,7,27,55,55
7,28,11,51,54,105,7,18,55,55
7,28,12,51,54,105,7,19,55,55
7,28,13,51,54,105,7,20,55,55
7,28,14,51,54,105,7,21,55,55
7,28,15,51,54,105,7,22,55,55
7,28,16,51,54,105,7,23,55,55
7,28,17,51,54,105,7,24,55,55
7,28,18,51,54,105,7,25,55,55
7,28,19,51,54,105,7,26,55,55
7,28,20,51,54,105,7,27,55,55
7,28,21,51,54,105,7,28,55,55
7,29,12,51,54,105,7,19,55,55
7,29,13,51,54,105,7,20,55,55
7,29,14,51,54,105,7,21,55,55
7,29,15,51,54,105,7,22,55,55
7,29,16,51,54,105,7,23,55,55
7,29,17,51,54,105,7,24,55,55
7,29,18,51,54,105,7,25,55,55
7,29,19,51,54,105,7,26,55,55
7,29,20,51,54,105,7,27,55,55
7,29,21,51,54,105,7,28,55,55
7,29,22,51,54,105,7,29,55,55
8,11,3,51,51,102,8,11,55,55
8,12,3,51,51,102,8,11,55,55
8,12,4,51,51,102,8,12,55,55
8,13,3,51,51,102,8,11,55,55
8,13,4,51,51,102,8,12,55,55
8,13,5,51,51,102,8,13,55,55
8,14,4,51,51,102,8,12,55,55
8,14,5,51,51,102,8,13,55,55
8,14,6,51,52,103,8,14,55,55
8,15,4,51,51,102,8,12,55,55
8,15,5,51,51,102,8,13,55,55
8,15,6,51,52,103,8,14,55,55
8,15,7,51,52,103,8,15,55,55
8,16,5,51,51,102,8,13,55,55
8,16,6,51,52,103,8,14,55,55
8,16,7,51,52,103,8,15,55,55
8,16,8,51,54,105,8,16,55,55
8,17,5,51,51,102,8,13,55,55
8,17,6,51,52,103,8,14,55,55
8,17,7,51,52,103,8,15,55,55
8,17,8,51,54,105,8,16,55,55
8,17,9,51,54,105,8,17,55,55
8,18,6,51,52,103,8,14,55,55
8,18,7,51,52,103,8,15,55,55
8,18,8,51,54,105,8,16,55,55
8,18,9,51,54,105,8,17,55,55
8,18,10,51,54,105,8,18,55,55
8,19,6,51,52,103,8,14,55,55
8,19,7,51,52,103,8,15,55,55
8,19,8,51,54,105,8,16,55,55
8,19,9,51,54,105,8,17,55,55
8,19,10,51,54,105,8,18,55,55
8,19,11,51,54,105,8,19,55,55
8,20,7,51,52,103,8,15,55,55
8,20,8,51,54,105,8,16,55,55
8,20,9,51,54,105,8,17,55,55
8,20,10,51,54,105,8,18,55,55
8,20,11,51,54,105,8,19,55,55
8,20,12,51,54,105,8,20,55,55
8,21,7,51,52,103,8,15,55,55
8,21,8,51,54,105,8,16,55,55
8,21,9,51,54,105,8,17,55,55
8,21,10,51,54,105,8,18,55,55
8,21,11,51,54,105,8,19,55,55
8,21,12,51,54,105,8,20,55,55
8,21,13,51,54,105,8,21,55,55
8,22,8,51,54,105,8,16,55,55
8,22,9,51,54,105,8,17,55,55
8,22,10,51,54,105,8,18,55,55
8,22,11,51,54,105,8,19,55,55
8,22,12,51,54,105,8,20,55,55
8,22,13,51,54,105,8,21,55,55
8,22,14,51,54,105,8,22,55,55
8,23,8,51,54,105,8,16,55,55
8,23,9,51,54,105,8,17,55,55
8,23,10,51,54,105,8,18,55,55
8,23,11,51,54,105,8,19,55,55
8,23,12,51,54,105,8,20,55,55
8,23,13,51,54,105,8,21,55,55
8,23,14,51,54,105,8,22,55,55
8,23,15,51,54,105,8,23,55,55
8,24,9,51,54,105,8,17,55,55
8,24,10,51,54,105,8,18,55,55
8,24,11,51,54,105,8,19,55,55
8,24,12,51,54,105,8,20,55,55
8,24,13,51,54,105,8,21,55,55
8,24,14,51,54,105,8,22,55,55
8,24,15,51,54,105,8,23,55,55
8,24,16,51,54,105,8,24,55,55
8,25,9,51,54,105,8,17,55,55
8,25,10,51,54,105,8,18,55,55
8,25,11,51,54,105,8,19,55,55
8,25,12,51,54,105,8,20,55,55
8,25,13,51,54,105,8,21,55,55
8,25,14,51,54,105,8,22,55,55
8,25,15,51,54,105,8,23,55,55
8,25,16,51,54,105,8,24,55,55
8,25,17,51,54,105,8,25,55,55
8,26,10,51,54,105,8,18,55,55
8,26,11,51,54,105,8,19,55,55
8,26,12,51,54,105,8,20,55,55
8,26,13,51,54,105,8,21,55,55
8,26,14,51,54,105,8,22,55,55
8,26,15,51,54,105,8,23,55,55
8,26,16,51,54,105,8,24,55,55
8,26,17,51,54,105,8,25,55,55
8,26,18,51,54,105,8,26,55,55
8,27,10,51,54,105,8,18,55,55
8,27,11,51,54,105,8,19,55,55
8,27,12,51,54,105,8,20,55,55
8,27,13,51,54,105,8,21,55,55
8,27,14,51,54,105,8,22,55,55
8,27,15,51,54,105,8,23,55,55
8,27,16,51,54,105,8,24,55,55
8,27,17,51,54,105,8,25,55,55
8,27,18,51,54,105,8,26,55,55
8,27,19,51,54,105,8,27,55,55
8,28,11,51,54,105,8,19,55,55
8,28,12,51,54,105,8,20,55,55
8,28,13,51,54,105,8,21,55,55
8,28,14,51,54,105,8,22,55,55
8,28,15,51,54,105,8,23,55,55
8,28,16,51,54,105,8,24,55,55
8,28,17,51,54,105,8,25,55,55
8,28,18,51,54,105,8,26,55,55
8,28,19,51,54,105,8,27,55,55
8,28,20,51,54,105,8,28,55,55
8,29,11,51,54,105,8,19,55,55
8,29,12,51,54,105,8,20,55,55
8,29,13,51,54,105,8,21,55,55
8,29,14,51,54,105,8,22,55,55
8,29,15,51,54,105,8,23,55,55
8,29,16,51,54,105,8,24,55,55
8,29,17,51,54,105,8,25,55,55
8,29,18,51,54,105,8,26,55,55
8,29,19,51,54,105,8,27,55,55
8,29,20,51,54,105,8,28,55,55
8,29,21,51,54,105,8,29,55,55
9,12,3,51,51,102,9,12,55,55
9,13,3,51,51,102,9,12,55,55
9,13,4,51,51,102,9,13,55,55
9,14,3,51,51,102,9,12,55,55
9,14,4,51,51,102,9,13,55,55
9,14,5,51,52,103,9,14,55,55
9,15,4,51,51,102,9,13,55,55
9,15,5,51,52,103,9,14,55,55
9,15,6,51,52,103,9,15,55,55
9,16,4,51,51,102,9,13,55,55
9,16,5,51,52,103,9,14,55,55
9,16,6,51,52,103,9,15,55,55
9,16,7,51,54,105,9,16,55,55
9,17,5,51,52,103,9,14,55,55
9,17,6,51,52,103,9,15,55,55
9,17,7,51,54,105,9,16,55,55
9,17,8,51,54,105,9,17,55,55
9,18,5,51,52,103,9,14,55,55
9,18,6,51,52,103,9,15,55,55
9,18,7,51,54,105,9,16,55,55
9,18,8,51,54,105,9,17,55,55
9,18,9,51,54,105,9,18,55,55
9,19,6,51,52,103,9,15,55,55
9,19,7,51,54,105,9,16,55,55
9,19,8,51,54,105,9,17,55,55
9,19,9,51,54,105,9,18,55,55
9,19,10,51,54,105,9,19,55,55
9,20,6,51,52,103,9,15,55,55
9,20,7,51,54,105,9,16,55,55
9,20,8,51,54,105,9,17,55,55
9,20,9,51,54,105,9,18,55,55
9,20,10,51,54,105,9,19,55,55
9,20,11,51,54,105,9,20,55,55
9,21,7,51,54,105,9,16,55,55
9,21,8,51,54,105,9,17,55,55
9,21,9,51,54,105,9,18,55,55
9,21,10,51,54,105,9,19,55,55
9,21,11,51,54,105,9,20,55,55
9,21,12,51,54,105,9,21,55,55
9,22,7,51,54,105,9,16,55,55
9,22,8,51,54,105,9,17,55,55
9,22,9,51,54,105,9,18,55,55
9,22,10,51,54,105,9,19,55,55
9,22,11,51,54,105,9,20,55,55
9,22,12,51,54,105,9,21,55,55
9,22,13,51,54,105,9,22,55,55
9,23,8,51,54,105,9,17,55,55
9,23,9,51,54,105,9,18,55,55
9,23,10,51,54,105,9,19,55,55
9,23,11,51,54,105,9,20,55,55
9,23,12,51,54,105,9,21,55,55
9,23,13,51,54,105,9,22,55,55
9,23,14,51,54,105,9,23,55,55
9,24,8,51,54,105,9,17,55,55
9,24,9,51,54,105,9,18,55,55
9,24,10,51,54,105,9,19,55,55
9,24,11,51,54,105,9,20,55,55
9,24,12,51,54,105,9,21,55,55
9,24,13,51,54,105,9,22,55,55
9,24,14,51,54,105,9,23,55,55
9,24,15,51,54,105,9,24,55,55
9,25,9,51,54,105,9,18,55,55
9,25,10,51,54,105,9,19,55,55
9,25,11,51,54,105,9,20,55,55
9,25,12,51,54,105,9,21,55,55
9,25,13,51,54,105,9,22,55,55
9,25,14,51,54,105,9,23,55,55
9,25,15,51,54,105,9,24,55,55
9,25,16,51,54,105,9,25,55,55
9,26,9,51,54,105,9,18,55,55
9,26,10,51,54,105,9,19,55,55
9,26,11,51,54,105,9,20,55,55
9,26,12,51,54,105,9,21,55,55
9,26,13,51,54,105,9,22,55,55
9,26,14,51,54,105,9,23,55,55
9,26,15,51,54,105,9,24,55,55
9,26,16,51,54,105,9,25,55,55
9,26,17,51,54,105,9,26,55,55
9,27,10,51,54,105,9,19,55,55
9,27,11,51,54,105,9,20,55,55
9,27,12,51,54,105,9,21,55,55
9,27,13,51,54,105,9,22,55,55
9,27,14,51,54,105,9,23,55,55
9,27,15,51,54,105,9,24,55,55
9,27,16,51,54,105,9,25,55,55
9,27,17,51,54,105,9,26,55,55
9,27,18,51,54,105,9,27,55,55
9,28,10,51,54,105,9,19,55,55
9,28,11,51,54,105,9,20,55,55
9,28,12,51,54,105,9,21,55,55
9,28,13,51,54,105,9,22,55,55
9,28,14,51,54,105,9,23,55,55
9,28,15,51,54,105,9,24,55,55
9,28,16,51,54,105,9,25,55,55
9,28,17,51,54,105,9,26,55,55
9,28,18,51,54,105,9,27,55,55
9,28,19,51,54,105,9,28,55,55
9,29,11,51,54,105,9,20,55,55
9,29,12,51,54,105,9,21,55,55
9,29,13,51,54,105,9,22,55,55
9,29,14,51,54,105,9,23,55,55
9,29,15,51,54,105,9,24,55,55
9,29,16,51,54,105,9,25,55,55
9,29,17,51,54,105,9,26,55,55
9,29,18,51,54,105,9,27,55,55
9,29,19,51,54,105,9,28,55,55
9,29,20,51,54,105,9,29,55,55
10,13,3,51,51,102,10,13,55,55
10,14,3,51,51,102,10,13,55,55
10,14,4,51,52,103,10,14,55,55
10,15,3,51,51,102,10,13,55,55
10,15,4,51,52,103,10,14,55,55
10,15,5,51,52,103,10,15,55,55
10,16,4,51,52,103,10,14,55,55
10,16,5,51,52,103,10,15,55,55
10,16,6,51,54,105,10,16,55,55
10,17,4,51,52,103,10,14,55,55
10,17,5,51,52,103,10,15,55,55
10,17,6,51,54,105,10,16,55,55
10,17,7,51,54,105,10,17,55,55
10,18,5,51,52,103,10,15,55,55
10,18,6,51,54,105,10,16,55,55
10,18,7,51,54,105,10,17,55,55
10,18,8,51,54,105,10,18,55,55
10,19,5,51,52,103,10,15,55,55
10,19,6,51,54,105,10,16,55,55
10,19,7,51,54,105,10,17,55,55
10,19,8,51,54,105,10,18,55,55
10,19,9,51,54,105,10,19,55,55
10,20,6,51,54,105,10,16,55,55
10,20,7,51,54,105,10,17,55,55
10,20,8,51,54,105,10,18,55,55
10,20,9,51,54,105,10,19,55,55
10,20,10,51,54,105,10,20,55,55
10,21,6,51,54,105,10,16,55,55
10,21,7,51,54,105,10,17,55,55
10,21,8,51,54,105,10,18,55,55
10,21,9,51,54,105,10,19,55,55
10,21,10,51,54,105,10,20,55,55
10,21,11,51,54,105,10,21,55,55
10,22,7,51,54,105,10,17,55,55
10,22,8,51,54,105,10,18,55,55
10,22,9,51,54,105,10,19,55,55
10,22,10,51,54,105,10,20,55,55
10,22,11,51,54,105,10,21,55,55
10,22,12,51,54,105,10,22,55,55
10,23,7,51,54,105,10,17,55,55
10,23,8,51,54,105,10,18,55,55
10,23,9,51,54,105,10,19,55,55
10,23,10,51,54,105,10,20,55,55
10,23,11,51,54,105,10,21,55,55
10,23,12,51,54,105,10,22,55,55
10,23,13,51,54,105,10,23,55,55
10,24,8,51,54,105,10,18,55,55
10,24,9,51,54,105,10,19,55,55
10,24,10,51,54,105,10,20,55,55
10,24,11,51,54,105,10,21,55,55
10,24,12,51,54,105,10,22,55,55
10,24,13,51,54,105,10,23,55,55
10,24,14,51,54,105,10,24,55,55
10,25,8,51,54,105,10,18,55,55
10,25,9,51,54,105,10,19,55,55
10,25,10,51,54,105,10,20,55,55
10,25,11,51,54,105,10,21,55,55
10,25,12,51,54,105,10,22,55,55
10,25,13,51,54,105,10,23,55,55
10,25,14,51,54,105,10,24,55,55
10,25,15,51,54,105,10,25,55,55
10,26,9,51,54,105,10,19,55,55
10,26,10,51,54,105,10,20,55,55
10,26,11,51,54,105,10,21,55,55
10,26,12,51,54,105,10,22,55,55
10,26,13,51,54,105,10,23,55,55
10,26,14,51,54,105,10,24,55,55
10,26,15,51,54,105,10,25,55,55
10,26,16,51,54,105,10,26,55,55
10,27,9,51,54,105,10,19,55,55
10,27,10,51,54,105,10,20,55,55
10,27,11,51,54,105,10,21,55,55
10,27,12,51,54,105,10,22,55,55
10,27,13,51,54,105,10,23,55,55
10,27,14,51,54,105,10,24,55,55
10,27,15,51,54,105,10,25,55,55
10,27,16,51,54,105,10,26,55,55
10,27,17,51,54,105,10,27,55,55
10,28,10,51,54,105,10,20,55,55
10,28,11,51,54,105,10,21,55,55
10,28,12,51,54,105,10,22,55,55
10,28,13,51,54,105,10,23,55,55
10,28,14,51,54,105,10,24,55,55
10,28,15,51,54,105,10,25,55,55
10,28,16,51,54,105,10,26,55,55
10,28,17,51,54,105,10,27,55,55
10,28,18,51,54,105,10,28,55,55
10,29,10,51,54,105,10,20,55,55
10,29,11,51,54,105,10,21,55,55
10,29,12,51,54,105,10,22,55,55
10,29,13,51,54,105,10,23,55,55
10,29,14,51,54,105,10,24,55,55
10,29,15,51,54,105,10,25,55,55
10,29,16,51,54,105,10,26,55,55
10,29,17,51,54,105,10,27,55,55
10,29,18,51,54,105,10,28,55,55
10,29,19,51,54,105,10,29,55,55
11,14,3,51,52,103,11,14,55,55
11,15,3,51,52,103,11,14,55,55
11,15,4,51,52,103,11,15,55,55
11,16,3,51,52,103,11,14,55,55
11,16,4,51,52,103,11,15,55,55
11,16,5,51,54,105,11,16,55,55
11,17,4,51,52,103,11,15,55,55
11,17,5,51,54,105,11,16,55,55
11,17,6,51,54,105,11,17,55,55
11,18,4,51,52,103,11,15,55,55
11,18,5,51,54,105,11,16,55,55
11,18,6,51,54,105,11,17,55,55
11,18,7,51,54,105,11,18,55,55
11,19,5,51,54,105,11,16,55,55
11,19,6,51,54,105,11,17,55,55
11,19,7,51,54,105,11,18,55,55
11,19,8,51,54,105,11,19,55,55
11,20,5,51,54,105,11,16,55,55
11,20,6,51,54,105,11,17,55,55
11,20,7,51,54,105,11,18,55,55
11,20,8,51,54,105,11,19,55,55
11,20,9,51,54,105,11,20,55,55
11,21,6,51,54,105,11,17,55,55
11,21,7,51,54,105,11,18,55,55
11,21,8,51,54,105,11,19,55,55
11,21,9,51,54,105,11,20,55,55
11,21,10,51,54,105,11,21,55,55
11,22,6,51,54,105,11,17,55,55
11,22,7,51,54,105,11,18,55,55
11,22,8,51,54,105,11,19,55,55
11,22,9,51,54,105,11,20,55,55
11,22,10,51,54,105,11,21,55,55
11,22,11,51,54,105,11,22,55,55
11,23,7,51,54,105,11,18,55,55
11,23,8,51,54,105,11,19,55,55
11,23,9,51,54,105,11,20,55,55
11,23,10,51,54,105,11,21,55,55
11,23,11,51,54,105,11,22,55,55
11,23,12,51,54,105,11,23,55,55
11,24,7,51,54,105,11,18,55,55
11,24,8,51,54,105,11,19,55,55
11,24,9,51,54,105,11,20,55,55
11,24,10,51,54,105,11,21,55,55
11,24,11,51,54,105,11,22,55,55
11,24,12,51,54,105,11,23,55,55
11,24,13,51,54,105,11,24,55,55
11,25,8,51,54,105,11,19,55,55
11,25,9,51,54,105,11,20,55,55
11,25,10,51,54,105,11,21,55,55
11,25,11,51,54,105,11,22,55,55
11,25,12,51,54,105,11,23,55,55
11,25,13,51,54,105,11,24,55,55
11,25,14,51,54,105,11,25,55,55
11,26,8,51,54,105,11,19,55,55
11,26,9,51,54,105,11,20,55,55
11,26,10,51,54,105,11,21,55,55
11,26,11,51,54,105,11,22,55,55
11,26,12,51,54,105,11,23,55,55
11,26,13,51,54,105,11,24,55,55
11,26,14,51,54,105,11,25,55,55
11,26,15,51,54,105,11,26,55,55
11,27,9,51,54,105,11,20,55,55
11,27,10,51,54,105,11,21,55,55
11,27,11,51,54,105,11,22,55,55
11,27,12,51,54,105,11,23,55,55
11,27,13,51,54,105,11,24,55,55
11,27,14,51,54,105,11,25,55,55
11,27,15,51,54,105,11,26,55,55
11,27,16,51,54,105,11,27,55,55
11,28,9,51,54,105,11,20,55,55
11,28,10,51,54,105,11,21,55,55
11,28,11,51,54,105,11,22,55,55
11,28,12,51,54,105,11,23,55,55
11,28,13,51,54,105,11,24,55,55
11,28,14,51,54,105,11,25,55,55
11,28,15,51,54,105,11,26,55,55
11,28,16,51,54,105,11,27,55,55
11,28,17,51,54,105,11,28,55,55
11,29,10,51,54,105,11,21,55,55
11,29,11,51,54,105,11,22,55,55
11,29,12,51,54,105,11,23,55,55
11,29,13,51,54,105,11,24,55,55
11,29,14,51,54,105,11,25,55,55
11,29,15,51,54,105,11,26,55,55
11,29,16,51,54,105,11,27,55,55
11,29,17,51,54,105,11,28,55,55
11,29,18,51,54,105,11,29,55,55
12,15,3,51,52,103,12,15,55,55
12,16,3,51,52,103,12,15,55,55
12,16,4,51,54,105,12,16,55,55
12,17,3,51,52,103,12,15,55,55
12,17,4,51,54,105,12,16,55,55
12,17,5,51,54,105,12,17,55,55
12,18,4,51,54,105,12,16,55,55
12,18,5,51,54,105,12,17,55,55
12,18,6,51,54,105,12,18,55,55
12,19,4,51,54,105,12,16,55,55
12,19,5,51,54,105,12,17,55,55
12,19,6,51,54,105,12,18,55,55
12,19,7,51,54,105,12,19,55,55
12,20,5,51,54,105,12,17,55,55
12,20,6,51,54,105,12,18,55,55
12,20,7,51,54,105,12,19,55,55
12,20,8,51,54,105,12,20,55,55
12,21,5,51,54,105,12,17,55,55
12,21,6,51,54,105,12,18,55,55
12,21,7,51,54,105,12,19,55,55
12,21,8,51,54,105,12,20,55,55
12,21,9,51,54,105,12,21,55,55
12,22,6,51,54,105,12,18,55,55
12,22,7,51,54,105,12,19,55,55
12,22,8,51,54,105,12,20,55,55
12,22,9,51,54,105,12,21,55,55
12,22,10,51,54,105,12,22,55,55
12,23,6,51,54,105,12,18,55,55
12,23,7,51,54,105,12,19,55,55
12,23,8,51,54,105,12,20,55,55
12,23,9,51,54,105,12,21,55,55
12,23,10,51,54,105,12,22,55,55
12,23,11,51,54,105,12,23,55,55
12,24,7,51,54,105,12,19,55,55
12,24,8,51,54,105,12,20,55,55
12,24,9,51,54,105,12,21,55,55
12,24,10,51,54,105,12,22,55,55
12,24,11,51,54,105,12,23,55,55
12,24,12,51,54,105,12,24,55,55
12,25,7,51,54,105,12,19,55,55
12,25,8,51,54,105,12,20,55,55
12,25,9,51,54,105,12,21,55,55
12,25,10,51,54,105,12,22,55,55
12,25,11,51,54,105,12,23,55,55
12,25,12,51,54,105,12,24,55,55
12,25,13,51,54,105,12,25,55,55
12,26,8,51,54,105,12,20,55,55
12,26,9,51,54,105,12,21,55,55
12,26,10,51,54,105,12,22,55,55
12,26,11,51,54,105,12,23,55,55
12,26,12,51,54,105,12,24,55,55
12,26,13,51,54,105,12,25,55,55
12,26,14,51,54,105,12,26,55,55
12,27,8,51,54,105,12,20,55,55
12,27,9,51,54,105,12,21,55,55
12,27,10,51,54,105,12,22,55,55
12,27,11,51,54,105,12,23,55,55
12,27,12,51,54,105,12,24,55,55
12,27,13,51,54,105,12,25,55,55
12,27,14,51,54,105,12,26,55,55
12,27,15,51,54,105,12,27,55,55
12,28,9,51,54,105,12,21,55,55
12,28,10,51,54,105,12,22,55,55
12,28,11,51,54,105,12,23,55,55
12,28,12,51,54,105,12,24,55,55
12,28,13,51,54,105,12,25,55,55
12,28,14,51,54,105,12,26,55,55
12,28,15,51,54,105,12,27,55,55
12,28,16,51,54,105,12,28,55,55
12,29,9,51,54,105,12,21,55,55
12,29,10,51,54,105,12,22,55,55
12,29,11,51,54,105,12,23,55,55
12,29,12,51,54,105,12,24,55,55
12,29,13,51,54,105,12,25,55,55
12,29,14,51,54,105,12,26,55,55
12,29,15,51,54,105,12,27,55,55
12,29,16,51,54,105,12,28,55,55
12,29,17,51,54,105,12,29,55,55
13,16,3,51,54,105,13,16,55,55
13,17,3,51,54,105,13,16,55,55
13,17,4,51,54,105,13,17,55,55
13,18,3,51,54,105,13,16,55,55
13,18,4,51,54,105,13,17,55,55
13,18,5,51,54,105,13,18,55,55
13,19,4,51,54,105,13,17,55,55
13,19,5,51,54,105,13,18,55,55
13,19,6,51,54,105,13,19,55,55
13,20,4,51,54,105,13,17,55,55
13,20,5,51,54,105,13,18,55,55
13,20,6,51,54,105,13,19,55,55
13,20,7,51,54,105,13,20,55,55
13,21,5,51,54,105,13,18,55,55
13,21,6,51,54,105,13,19,55,55
13,21,7,51,54,105,13,20,55,55
13,21,8,51,54,105,13,21,55,55
13,22,5,51,54,105,13,18,55,55
13,22,6,51,54,105,13,19,55,55
13,22,7,51,54,105,13,20,55,55
13,22,8,51,54,105,13,21,55,55
13,22,9,51,54,105,13,22,55,55
13,23,6,51,54,105,13,19,55,55
13,23,7,51,54,105,13,20,55,55
13,23,8,51,54,105,13,21,55,55
13,23,9,51,54,105,13,22,55,55
13,23,10,51,54,105,13,23,55,55
13,24,6,51,54,105,13,19,55,55
13,24,7,51,54,105,13,20,55,55
13,24,8,51,54,105,13,21,55,55
13,24,9,51,54,105,13,22,55,55
13,24,10,51,54,105,13,23,55,55
13,24,11,51,54,105,13,24,55,55
13,25,7,51,54,105,13,20,55,55
13,25,8,51,54,105,13,21,55,55
13,25,9,51,54,105,13,22,55,55
13,25,10,51,54,105,13,23,55,55
13,25,11,51,54,105,13,24,55,55
13,25,12,51,54,105,13,25,55,55
13,26,7,51,54,105,13,20,55,55
13,26,8,51,54,105,13,21,55,55
13,26,9,51,54,105,13,22,55,55
13,26,10,51,54,105,13,23,55,55
13,26,11,51,54,105,13,24,55,55
13,26,12,51,54,105,13,25,55,55
13,26,13,51,54,105,13,26,55,55
13,27,8,51,54,105,13,21,55,55
13,27,9,51,54,105,13,22,55,55
13,27,10,51,54,105,13,23,55,55
13,27,11,51,54,105,13,24,55,55
13,27,12,51,54,105,13,25,55,55
13,27,13,51,54,105,13,26,55,55
13,27,14,51,54,105,13,27,55,55
13,28,8,51,54,105,13,21,55,55
13,28,9,51,54,105,13,22,55,55
13,28,10,51,54,105,13,23,55,55
13,28,11,51,54,105,13,24,55,55
13,28,12,51,54,105,13,25,55,55
13,28,13,51,54,105,13,26,55,55
13,28,14,51,54,105,13,27,55,55
13,28,15,51,54,105,13,28,55,55
13,29,9,51,54,105,13,22,55,55
13,29,10,51,54,105,13,23,55,55
13,29,11,51,54,105,13,24,55,55
13,29,12,51,54,105,13,25,55,55
13,29,13,51,54,105,13,26,55,55
13,29,14,51,54,105,13,27,55,55
13,29,15,51,54,105,13,28,55,55
13,29,16,51,54,105,13,29,55,55
14,17,3,51,54,105,14,17,55,55
14,18,3,51,54,105,14,17,55,55
14,18,4,51,54,105,14,18,55,55
14,19,3,51,54,105,14,17,55,55
14,19,4,51,54,105,14,18,55,55
14,19,5,51,54,105,14,19,55,55
14,20,4,51,54,105,14,18,55,55
14,20,5,51,54,105,14,19,55,55
14,20,6,51,54,105,14,20,55,55
14,21,4,51,54,105,14,18,55,55
14,21,5,51,54,105,14,19,55,55
14,21,6,51,54,105,14,20,55,55
14,21,7,51,54,105,14,21,55,55
14,22,5,51,54,105,14,19,55,55
14,22,6,51,54,105,14,20,55,55
14,22,7,51,54,105,14,21,55,55
14,22,8,51,54,105,14,22,55,55
14,23,5,51,54,105,14,19,55,55
14,23,6,51,54,105,14,20,55,55
14,23,7,51,54,105,14,21,55,55
14,23,8,51,54,105,14,22,55,55
14,23,9,51,54,105,14,23,55,55
14,24,6,51,54,105,14,20,55,55
14,24,7,51,54,105,14,21,55,55
14,24,8,51,54,105,14,22,55,55
14,24,9,51,54,105,14,23,55,55
14,24,10,51,54,105,14,24,55,55
14,25,6,51,54,105,14,20,55,55
14,25,7,51,54,105,14,21,55,55
14,25,8,51,54,105,14,22,55,55
14,25,9,51,54,105,14,23,55,55
14,25,10,51,54,105,14,24,55,55
14,25,11,51,54,105,14,25,55,55
14,26,7,51,54,105,14,21,55,55
14,26,8,51,54,105,14,22,55,55
14,26,9,51,54,105,14,23,55,55
14,26,10,51,54,105,14,24,55,55
14,26,11,51,54,105,14,25,55,55
14,26,12,51,54,105,14,26,55,55
14,27,7,51,54,105,14,21,55,55
14,27,8,51,54,105,14,22,55,55
14,27,9,51,54,105,14,23,55,55
14,27,10,51,54,105,14,24,55,55
14,27,11,51,54,105,14,25,55,55
14,27,12,51,54,105,14,26,55,55
14,27,13,51,54,105,14,27,55,55
14,28,8,51,54,105,14,22,55,55
14,28,9,51,54,105,14,23,55,55
14,28,10,51,54,105,14,24,55,55
14,28,11,51,54,105,14,25,55,55
14,28,12,51,54,105,14,26,55,55
14,28,13,51,54,105,14,27,55,55
14,28,14,51,54,105,14,28,55,55
14,29,8,51,54,105,14,22,55,55
14,29,9,51,54,105,14,23,55,55
14,29,10,51,54,105,14,24,55,55
14,29,11,51,54,105,14,25,55,55
14,29,12,51,54,105,14,26,55,55
14,29,13,51,54,105,14,27,55,55
14,29,14,51,54,105,14,28,55,55
14,29,15,51,54,105,14,29,55,55
15,18,3,51,54,105,15,18,55,55
15,19,3,51,54,105,15,18,55,55
15,19,4,51,54,105,15,19,55,55
15,20,3,51,54,105,15,18,55,55
15,20,4,51,54,105,15,19,55,55
15,20,5,51,54,105,15,20,55,55
15,21,4,51,54,105,15,19,55,55
15,21,5,51,54,105,15,20,55,55
15,21,6,51,54,105,15,21,55,55
15,22,4,51,54,105,15,19,55,55
15,22,5,51,54,105,15,20,55,55
15,22,6,51,54,105,15,21,55,55
15,22,7,51,54,105,15,22,55,55
15,23,5,51,54,105,15,20,55,55
15,23,6,51,54,105,15,21,55,55
15,23,7,51,54,105,15,22,55,55
15,23,8,51,54,105,15,23,55,55
15,24,5,51,54,105,15,20,55,55
15,24,6,51,54,105,15,21,55,55
15,24,7,51,54,105,15,22,55,55
15,24,8,51,54,105,15,23,55,55
15,24,9,51,54,105,15,24,55,55
15,25,6,51,54,105,15,21,55,55
15,25,7,51,54,105,15,22,55,55
15,25,8,51,54,105,15,23,55,55
15,25,9,51,54,105,15,24,55,55
15,25,10,51,54,105,15,25,55,55
15,26,6,51,54,105,15,21,55,55
15,26,7,51,54,105,15,22,55,55
15,26,8,51,54,105,15,23,55,55
15,26,9,51,54,105,15,24,55,55
15,26,10,51,54,105,15,25,55,55
15,26,11,51,54,105,15,26,55,55
15,27,7,51,54,105,15,22,55,55
15,27,8,51,54,105,15,23,55,55
15,27,9,51,54,105,15,24,55,55
15,27,10,51,54,105,15,25,55,55
15,27,11,51,54,105,15,26,55,55
15,27,12,51,54,105,15,27,55,55
15,28,7,51,54,105,15,22,55,55
15,28,8,51,54,105,15,23,55,55
15,28,9,51,54,105,15,24,55,55
15,28,10,51,54,105,15,25,55,55
15,28,11,51,54,105,15,26,55,55
15,28,12,51,54,105,15,27,55,55
15,28,13,51,54,105,15,28,55,55
15,29,8,51,54,105,15,23,55,55
15,29,9,51,54,105,15,24,55,55
15,29,10,51,54,105,15,25,55,55
15,29,11,51,54,105,15,26,55,55
15,29,12,51,54,105,15,27,55,55
15,29,13,51,54,105,15,28,55,55
15,29,14,51,54,105,15,29,55,55
16,19,3,51,54,105,16,19,55,55
16,20,3,51,54,105,16,19,55,55
16,20,4,51,54,105,16,20,55,55
16,21,3,51,54,105,16,19,55,55
16,21,4,51,54,105,16,20,55,55
16,21,5,51,54,105,16,21,55,55
16,22,4,51,54,105,16,20,55,55
16,22,5,51,54,105,16,21,55,55
16,22,6,51,54,105,16,22,55,55
16,23,4,51,54,105,16,20,55,55
16,23,5,51,54,105,16,21,55,55
16,23,6,51,54,105,16,22,55,55
16,23,7,51,54,105,16,23,55,55
16,24,5,51,54,105,16,21,55,55
16,24,6,51,54,105,16,22,55,55
16,24,7,51,54,105,16,23,55,55
16,24,8,51,54,105,16,24,55,55
16,25,5,51,54,105,16,21,55,55
16,25,6,51,54,105,16,22,55,55
16,25,7,51,54,105,16,23,55,55
16,25,8,51,54,105,16,24,55,55
16,25,9,51,54,105,16,25,55,55
16,26,6,51,54,105,16,22,55,55
16,26,7,51,54,105,16,23,55,55
16,26,8,51,54,105,16,24,55,55
16,26,9,51,54,105,16,25,55,55
16,26,10,51,54,105,16,26,55,55
16,27,6,51,54,105,16,22,55,55
16,27,7,51,54,105,16,23,55,55
16,27,8,51,54,105,16,24,55,55
16,27,9,51,54,105,16,25,55,55
16,27,10,51,54,105,16,26,55,55
16,27,11,51,54,105,16,27,55,55
16,28,7,51,54,105,16,23,55,55
16,28,8,51,54,105,16,24,55,55
16,28,9,51,54,105,16,25,55,55
16,28,10,51,54,105,16,26,55,55
16,28,11,51,54,105,16,27,55,55
16,28,12,51,54,105,16,28,55,55
16,29,7,51,54,105,16,23,55,55
16,29,8,51,54,105,16,24,55,55
16,29,9,51,54,105,16,25,55,55
16,29,10,51,54,105,16,26,55,55
16,29,11,51,54,105,16,27,55,55
16,29,12,51,54,105,16,28,55,55
16,29,13,51,54,105,16,29,55,55
17,20,3,51,54,105,17,20,55,55
17,21,3,51,54,105,17,20,55,55
17,21,4,51,54,105,17,21,55,55
17,22,3,51,54,105,17,20,55,55
17,22,4,51,54,105,17,21,55,55
17,22,5,51,54,105,17,22,55,55
17,23,4,51,54,105,17,21,55,55
17,23,5,51,54,105,17,22,55,55
17,23,6,51,54,105,17,23,55,55
17,24,4,51,54,105,17,21,55,55
17,24,5,51,54,105,17,22,55,55
17,24,6,51,54,105,17,23,55,55
17,24,7,51,54,105,17,24,55,55
17,25,5,51,54,105,17,22,55,55
17,25,6,51,54,105,17,23,55,55
17,25,7,51,54,105,17,24,55,55
17,25,8,51,54,105,17,25,55,55
17,26,5,51,54,105,17,22,55,55
17,26,6,51,54,105,17,23,55,55
17,26,7,51,54,105,17,24,55,55
17,26,8,51,54,105,17,25,55,55
17,26,9,51,54,105,17,26,55,55
17,27,6,51,54,105,17,23,55,55
17,27,7,51,54,105,17,24,55,55
17,27,8,51,54,105,17,25,55,55
17,27,9,51,54,105,17,26,55,55
17,27,10,51,54,105,17,27,55,55
17,28,6,51,54,105,17,23,55,55
17,28,7,51,54,105,17,24,55,55
17,28,8,51,54,105,17,25,55,55
17,28,9,51,54,105,17,26,55,55
17,28,10,51,54,105,17,27,55,55
17,28,11,51,54,105,17,28,55,55
17,29,7,51,54,105,17,24,55,55
17,29,8,51,54,105,17,25,55,55
17,29,9,51,54,105,17,26,55,55
17,29,10,51,54,105,17,27,55,55
17,29,11,51,54,105,17,28,55,55
17,29,12,51,54,105,17,29,55,55
18,21,3,51,54,105,18,21,55,55
18,22,3,51,54,105,18,21,55,55
18,22,4,51,54,105,18,22,55,55
18,23,3,51,54,105,18,21,55,55
18,23,4,51,54,105,18,22,55,55
18,23,5,51,54,105,18,23,55,55
18,24,4,51,54,105,18,22,55,55
18,24,5,51,54,105,18,23,55,55
18,24,6,51,54,105,18,24,55,55
18,25,4,51,54,105,18,22,55,55
18,25,5,51,54,105,18,23,55,55
18,25,6,51,54,105,18,24,55,55
18,25,7,51,54,105,18,25,55,55
18,26,5,51,54,105,18,23,55,55
18,26,6,51,54,105,18,24,55,55
18,26,7,51,54,105,18,25,55,55
18,26,8,51,54,105,18,26,55,55
18,27,5,51,54,105,18,23,55,55
18,27,6,51,54,105,18,24,55,55
18,27,7,51,54,105,18,25,55,55
18,27,8,51,54,105,18,26,55,55
18,27,9,51,54,105,18,27,55,55
18,28,6,51,54,105,18,24,55,55
18,28,7,51,54,105,18,25,55,55
18,28,8,51,54,105,18,26,55,55
18,28,9,51,54,105,18,27,55,55
18,28,10,51,54,105,18,28,55,55
18,29,6,51,54,105,18,24,55,55
18,29,7,51,54,105,18,25,55,55
18,29,8,51,54,105,18,26,55,55
18,29,9,51,54,105,18,27,55,55
18,29,10,51,54,105,18,28,55,55
18,29,11,51,54,105,18,29,55,55
19,22,3,51,54,105,19,22,55,55
19,23,3,51,54,105,19,22,55,55
19,23,4,51,54,105,19,23,55,55
19,24,3,51,54,105,19,22,55,55
19,24,4,51,54,105,19,23,55,55
19,24,5,51,54,105,19,24,55,55
19,25,4,51,54,105,19,23,55,55
19,25,5,51,54,105,19,24,55,55
19,25,6,51,54,105,19,25,55,55
19,26,4,51,54,105,19,23,55,55
19,26,5,51,54,105,19,24,55,55
19,26,6,51,54,105,19,25,55,55
19,26,7,51,54,105,19,26,55,55
19,27,5,51,54,105,19,24,55,55
19,27,6,51,54,105,19,25,55,55
19,27,7,51,54,105,19,26,55,55
19,27,8,51,54,105,19,27,55,55
19,28,5,51,54,105,19,24,55,55
19,28,6,51,54,105,19,25,55,55
19,28,7,51,54,105,19,26,55,55
19,28,8,51,54,105,19,27,55,55
19,28,9,51,54,105,19,28,55,55
19,29,6,51,54,105,19,25,55,55
19,29,7,51,54,105,19,26,55,55
19,29,8,51,54,105,19,27,55,55
19,29,9,51,54,105,19,28,55,55
19,29,10,51,54,105,19,29,55,55
20,23,3,51,54,105,20,23,55,55
20,24,3,51,54,105,20,23,55,55
20,24,4,51,54,105,20,24,55,55
20,25,3,51,54,105,20,23,55,55
20,25,4,51,54,105,20,24,55,55
20,25,5,51,54,105,20,25,55,55
20,26,4,51,54,105,20,24,55,55
20,26,5,51,54,105,20,25,55,55
20,26,6,51,54,105,20,26,55,55
20,27,4,51,54,105,20,24,55,55
20,27,5,51,54,105,20,25,55,55
20,27,6,51,54,105,20,26,55,55
20,27,7,51,54,105,20,27,55,55
20,28,5,51,54,105,20,25,55,55
20,28,6,51,54,105,20,26,55,55
20,28,7,51,54,105,20,27,55,55
20,28,8,51,54,105,20,28,55,55
20,29,5,51,54,105,20,25,55,55
20,29,6,51,54,105,20,26,55,55
20,29,7,51,54,105,20,27,55,55
20,29,8,51,54,105,20,28,55,55
20,29,9,51,54,105,20,29,55,55
21,24,3,51,54,105,21,24,55,55
21,25,3,51,54,105,21,24,55,55
21,25,4,51,54,105,21,25,55,55
21,26,3,51,54,105,21,24,55,55
21,26,4,51,54,105,21,25,55,55
21,26,5,51,54,105,21,26,55,55
21,27,4,51,54,105,21,25,55,55
21,27,5,51,54,105,21,26,55,55
21,27,6,51,54,105,21,27,55,55
21,28,4,51,54,105,21,25,55,55
21,28,5,51,54,105,21,26,55,55
21,28,6,51,54,105,21,27,55,55
21,28,7,51,54,105,21,28,55,55
21,29,5,51,54,105,21,26,55,55
21,29,6,51,54,105,21,27,55,55
21,29,7,51,54,105,21,28,55,55
21,29,8,51,54,105,21,29,55,55
22,25,3,51,54,105,22,25,55,55
22,26,3,51,54,105,22,25,55,55
22,26,4,51,54,105,22,26,55,55
22,27,3,51,54,105,22,25,55,55
22,27,4,51,54,105,22,26,55,55
22,27,5,51,54,105,22,27,55,55
22,28,4,51,54,105,22,26,55,55
22,28,5,51,54,105,22,27,55,55
22,28,6,51,54,105,22,28,55,55
22,29,4,51,54,105,22,26,55,55
22,29,5,51,54,105,22,27,55,55
22,29,6,51,54,105,22,28,55,55
22,29,7,51,54,105,22,29,55,55
23,26,3,51,54,105,23,26,55,55
23,27,3,51,54,105,23,26,55,55
23,27,4,51,54,105,23,27,55,55
23,28,3,51,54,105,23,26,55,55
23,28,4,51,54,105,23,27,55,55
23,28,5,51,54,105,23,28,55,55
23,29,4,51,54,105,23,27,55,55
23,29,5,51,54,105,23,28,55,55
23,29,6,51,54,105,23,29,55,55
24,27,3,51,54,105,24,27,55,55
24,28,3,51,54,105,24,27,55,55
24,28,4,51,54,105,24,28,55,55
24,29,3,51,54,105,24,27,55,55
24,29,4,51,54,105,24,28,55,55
24,29,5,51,54,105,24,29,55,55
25,28,3,51,54,105,25,28,55,55
25,29,3,51,54,105,25,28,55,55
25,29,4,51,54,105,25,29,55,55
26,29,3,51,54,105,26,29,55,55
